﻿<?xml version="1.0" encoding="utf-8"?>
<ModMetaData>
  <name>Quality And Durability</name>
  <author>Amnabi</author>
  <url></url>
  <supportedVersions>
    <li>1.2</li>
  </supportedVersions>
  <packageId>AMN.WEAPONDURABILITY</packageId>
  <loadAfter>
    <li>brrainz.harmony</li>
  </loadAfter>
  <modDependencies>
    <li>
      <packageId>brrainz.harmony</packageId>
      <displayName>Harmony</displayName>
	  <steamWorkshopUrl>steam://url/CommunityFilePage/2009463077</steamWorkshopUrl>
	  <downloadUrl>https://github.com/pardeike/HarmonyRimWorld/releases/latest</downloadUrl>
    </li>
  </modDependencies>
  <description>Quality affects max hit points for weapons.</description>
</ModMetaData>